"Refs","Value","Footprint","MPN","Note","Qty"
"C1,C23-C28,C33","1uF 10V","Capacitor_SMD:C_0402_1005Metric","","","8"
"C2,C3,C7-C9","10uF 35V","Capacitor_SMD:C_0805_2012Metric","","","5"
"C4,C10,C16","100nF 50V","Capacitor_SMD:C_0402_1005Metric","","","3"
"C5,C6","47nF 25V","Capacitor_SMD:C_0402_1005Metric","","","2"
"C11-C15,C17,C18,C21","10uF 25V","Capacitor_SMD:C_0805_2012Metric","","Cf supply filter","8"
"C19","4.7uF 16V","Capacitor_SMD:C_0603_1608Metric","","","1"
"C20","1nF 50V","Capacitor_SMD:C_0402_1005Metric","","no ship FET fitted","1"
"C22","1uF 25V","Capacitor_SMD:C_0603_1608Metric","","REGSRC cap","1"
"C29","1uF 50V","Capacitor_SMD:C_0805_2012Metric","","","1"
"C30","4.7uF 10V","Capacitor_SMD:C_0603_1608Metric","","","1"
"C31,C32,C34,C35","100nF","Capacitor_SMD:C_0402_1005Metric","","","4"
"D1","SMF20A","Diode_SMD:D_SMF","Littelfuse SMF20A (20V TVS)","","1"
"D2","RED (charging)","LED_SMD:LED_0603_1608Metric","","","1"
"D3","BAT54C","Package_TO_SOT_SMD:SOT-23","","","1"
"D4","GREEN (status)","LED_SMD:LED_0603_1608Metric","","","1"
"F1","3A 32V fast","Fuse:Fuse_1206_3216Metric","Littelfuse 1206SFF300F/32 (any 3A >=32V 1206 fast fuse)","","1"
"J1","USB_C_Receptacle_USB2.0_16P","Connector_USB:USB_C_Receptacle_HRO_TYPE-C-31-M-12","HRO TYPE-C-31-M-12 (LCSC C165948)","","1"
"J2","BALANCE 3S (JST-XH 4P)","Connector_JST:JST_XH_S4B-XH-SM4-TB_1x04-1MP_P2.50mm_Horizontal","JST S4B-XH-SM4-TB","Pin1 = pack NEGATIVE (black). CHECK your pack!","1"
"L1","1uH","Inductor_SMD:L_Coilcraft_XAL4020-XXX","Coilcraft XAL4020-102MEB","","1"
"Q1,Q3","2N7002","Package_TO_SOT_SMD:SOT-23","","","2"
"Q2","DMP3099L","Package_TO_SOT_SMD:SOT-23","Diodes DMP3099L-7 (Vgs +-20V)","","1"
"R1","1k","Resistor_SMD:R_1206_3216Metric","","CH224K VDD shunt feed, 1/4W","1"
"R2","56k 1%","Resistor_SMD:R_0402_1005Metric","","56k on CFG1 = request 15V","1"
"R3,R9,R21","10k","Resistor_SMD:R_0402_1005Metric","","","3"
"R4","10.5k 1%","Resistor_SMD:R_0402_1005Metric","","PROG: 3S, 1.5MHz","1"
"R5","100R","Resistor_SMD:R_0402_1005Metric","","","1"
"R6","5.23k 1%","Resistor_SMD:R_0402_1005Metric","","","1"
"R7","30.1k 1%","Resistor_SMD:R_0402_1005Metric","","","1"
"R8","2.2k","Resistor_SMD:R_0402_1005Metric","","","1"
"R10,R11,R20","100k","Resistor_SMD:R_0402_1005Metric","","charging disabled by default","3"
"R12","100R","Resistor_SMD:R_0603_1608Metric","","Rf supply filter","1"
"R13-R16","56R","Resistor_SMD:R_0603_1608Metric","","Cell input Rc (sets ~37 mA balance current), 1%, >=0.1 W","4"
"R17,R26","1k","Resistor_SMD:R_0402_1005Metric","","MCU pulses BMS_BOOT high 5ms to wake from SHIP","2"
"R18,R19","1M","Resistor_SMD:R_0402_1005Metric","","","2"
"R22","100k 1%","Resistor_SMD:R_0402_1005Metric","","","1"
"R23","10k 1%","Resistor_SMD:R_0402_1005Metric","","","1"
"R24,R25","4.7k","Resistor_SMD:R_0402_1005Metric","","","2"
"TH1,TH2","10k B3435 (103AT)","Resistor_SMD:R_0402_1005Metric","Murata NCP15XH103F03RC","Place at board edge touching the pack","2"
"U1","CH224K","Package_SO:SSOP-10-1EP_3.9x4.9mm_P1mm_EP2.1x3.3mm","WCH CH224K (LCSC C970725)","","1"
"U2","TPD2E2U06DCK","Package_TO_SOT_SMD:SOT-323_SC-70","TI TPD2E2U06DCKR","","1"
"U3","BQ25798RQMR","Package_DFN_QFN:Texas_RQM0029A_VQFN-29_4x4mm_P0.4mm","TI BQ25798RQMR","","1"
"U4","BQ7692003PWR","Package_SO:TSSOP-20_4.4x6.5mm_P0.65mm","TI BQ7692003PWR (3.3V LDO, addr 0x08, CRC)","","1"
"U5","AP7381-33SA-7","Package_TO_SOT_SMD:SOT-23","Diodes AP7381-33SA-7 (40V in)","","1"
"U6","STM32F042F6P6","Package_SO:TSSOP-20_4.4x6.5mm_P0.65mm","ST STM32F042F6P6","","1"
