Quantity,LCSC Part Number,Manufacture Part Number,Manufacturer,Package,Value,Designator,Note
8,C14445,CL05A105KP5NNNC,Samsung Electro-Mechanics,0402,1uF 10V,"C1,C23,C24,C25,C26,C27,C28,C33",
5,C440198,GRM21BR61H106KE43L,muRata,0805,10uF 35V,"C2,C3,C7,C8,C9",
3,C2888326,AC0402KRX7R9BB104,YAGEO,0402,100nF 50V,"C4,C10,C16",
2,C285062,0402B473K250NT,FH,0402,47nF 25V,"C5,C6",
8,C15850,CL21A106KAYNNNE,Samsung Electro-Mechanics,0805,10uF 25V,"C11,C12,C13,C14,C15,C17,C18,C21",
2,C19666,CL10A475KO8NNNC,Samsung Electro-Mechanics,0603,4.7uF 16V,"C19,C30",
1,C1523,0402B102K500NT,FH,0402,1nF 50V,C20,
1,C29936,CL10B105KA8NNNC,Samsung Electro-Mechanics,0603,1uF 25V,C22,
1,C215803,0805B105K500NT,FH,0805,1uF 50V,C29,
4,C3012376,CSA0402X7R104K160GT,HRE,0402,100nF,"C31,C32,C34,C35",
1,C353298,SMF20A,Jingdao Microelectronics,SOD-123FL,SMF20A,D1,
1,C84263,NCD0603R1,NATIONSTAR,0603,RED (charging),D2,
1,C37704,"BAT54C,215",Nexperia,SOT-23,BAT54C,D3,
1,C22371299,PSC-1608U49GC-G4,HONGLITRONIC,0603,GREEN (status),D4,
1,C182445,12H1300C,LANSON,1206,3A 32V fast,F1,
1,C165948,TYPE-C-31-M-12,Korean Hroparts Elec,SMD,USB_C_Receptacle_USB2.0_16P,J1,
1,C161861,S4B-XH-SM4-TB(LF)(SN),JST,"SMD,P=2.5mm,Surface Mount,Right Angle",BALANCE 3S (JST-XH 4P),J2,
1,C4555951,XAL4020-102MEC,Coilcraft,"SMD,4x4mm",1uH,L1,
2,C8545,2N7002,JSCJ,SOT-23,2N7002,"Q1,Q3",
1,C155244,DMP3099L-7,DIODES,SOT-23,DMP3099L,Q2,
1,C4410,1206W4F1001T5E,UNI-ROYAL,1206,1k,R1,
1,C25796,0402WGF5602TCE,UNI-ROYAL,0402,56k 1%,R2,
4,C25744,0402WGF1002TCE,UNI-ROYAL,0402,10k,"R3,R9,R21,R23",
1,C226747,AC0402FR-0710K5L,YAGEO,0402,10.5k 1%,R4,
1,C25076,0402WGF1000TCE,UNI-ROYAL,0402,100R,R5,
1,C2933105,FRC0402F5231TS,FOJAN,0402,5.23k 1%,R6,
1,C29402,0402WGF3012TCE,UNI-ROYAL,0402,30.1k 1%,R7,
1,C25879,0402WGF2201TCE,UNI-ROYAL,0402,2.2k,R8,
4,C25741,0402WGF1003TCE,UNI-ROYAL,0402,100k,"R10,R11,R20,R22",
1,C22775,0603WAF1000T5E,UNI-ROYAL,0603,100R,R12,
4,C25196,0603WAF560JT5E,UNI-ROYAL,0603,56R,"R13,R14,R15,R16",
2,C2906864,FRC0402F1001TS,FOJAN,0402,1k,"R17,R26",
2,C26083,0402WGF1004TCE,UNI-ROYAL,0402,1M,"R18,R19",
2,C25900,0402WGF4701TCE,UNI-ROYAL,0402,4.7k,"R24,R25",
2,C77131,NCP15XH103F03RC,muRata,0402,10k B3435 (103AT),"TH1,TH2",
1,C970725,CH224K,WCH,ESSOP-10-150mil-1mm,CH224K,U1,
1,C5350871,TPD2E2U06DCKR-TP,TECH PUBLIC,SOT-323,TPD2E2U06DCK,U2,
1,C2876593,BQ25798RQMR,TI,QFN-29(4x4),BQ25798RQMR,U3,
1,C601650,BQ7692003PWR,TI,TSSOP-20,BQ7692003PWR,U4,
1,C3752764,AP7381-33SA-7,DIODES,SOT-23,AP7381-33SA-7,U5,OUT OF STOCK at LCSC on 2026-10-02 - check again when ordering
1,C2969989,STM32F042F6P6TR,ST,TSSOP-20(4.4x6.5),STM32F042F6P6,U6,
