Comment,Designator,Footprint,LCSC Part #
1uF 10V,"C1,C23,C24,C25,C26,C27,C28,C33",C_0402_1005Metric,C14445
10uF 35V,"C2,C3,C7,C8,C9",C_0805_2012Metric,C440198
100nF 50V,"C4,C10,C16",C_0402_1005Metric,C2888326
47nF 25V,"C5,C6",C_0402_1005Metric,C285062
10uF 25V,"C11,C12,C13,C14,C15,C17,C18,C21",C_0805_2012Metric,C15850
4.7uF 16V,"C19,C30",C_0603_1608Metric,C19666
1nF 50V,C20,C_0402_1005Metric,C1523
1uF 25V,C22,C_0603_1608Metric,C29936
1uF 50V,C29,C_0805_2012Metric,C215803
100nF,"C31,C32,C34,C35",C_0402_1005Metric,C3012376
SMF20A,D1,D_SMF,C353298
RED (charging),D2,LED_0603_1608Metric,C84263
BAT54C,D3,SOT-23,C37704
GREEN (status),D4,LED_0603_1608Metric,C22371299
3A 32V fast,F1,Fuse_1206_3216Metric,C182445
USB_C_Receptacle_USB2.0_16P,J1,USB_C_Receptacle_HRO_TYPE-C-31-M-12,C165948
BALANCE 3S (JST-XH 4P),J2,JST_XH_S4B-XH-SM4-TB_1x04-1MP_P2.50mm_Horizontal,C161861
1uH,L1,L_Coilcraft_XAL4020-XXX,C4555951
2N7002,"Q1,Q3",SOT-23,C8545
DMP3099L,Q2,SOT-23,C155244
1k,R1,R_1206_3216Metric,C4410
56k 1%,R2,R_0402_1005Metric,C25796
10k,"R3,R9,R21,R23",R_0402_1005Metric,C25744
10.5k 1%,R4,R_0402_1005Metric,C226747
100R,R5,R_0402_1005Metric,C25076
5.23k 1%,R6,R_0402_1005Metric,C2933105
30.1k 1%,R7,R_0402_1005Metric,C29402
2.2k,R8,R_0402_1005Metric,C25879
100k,"R10,R11,R20,R22",R_0402_1005Metric,C25741
100R,R12,R_0603_1608Metric,C22775
56R,"R13,R14,R15,R16",R_0603_1608Metric,C25196
1k,"R17,R26",R_0402_1005Metric,C2906864
1M,"R18,R19",R_0402_1005Metric,C26083
4.7k,"R24,R25",R_0402_1005Metric,C25900
10k B3435 (103AT),"TH1,TH2",R_0402_1005Metric,C77131
CH224K,U1,SSOP-10-1EP_3.9x4.9mm_P1mm_EP2.1x3.3mm,C970725
TPD2E2U06DCK,U2,SOT-323_SC-70,C5350871
BQ25798RQMR,U3,Texas_RQM0029A_VQFN-29_4x4mm_P0.4mm,C2876593
BQ7692003PWR,U4,TSSOP-20_4.4x6.5mm_P0.65mm,C601650
AP7381-33SA-7,U5,SOT-23,C3752764
STM32F042F6P6,U6,TSSOP-20_4.4x6.5mm_P0.65mm,C2969989
