Ref,Val,Package,PosX,PosY,Rot,Side
"C5","47nF 25V","C_0402_1005Metric",160.900000,-111.850000,0.000000,bottom
"C6","47nF 25V","C_0402_1005Metric",165.400000,-112.900000,180.000000,bottom
"C19","4.7uF 16V","C_0603_1608Metric",160.600000,-114.950000,180.000000,bottom
"R5","100R","R_0402_1005Metric",168.200000,-114.300000,0.000000,bottom
"C1","1uF 10V","C_0402_1005Metric",112.100000,-104.300000,90.000000,top
"C2","10uF 35V","C_0805_2012Metric",156.150000,-113.000000,180.000000,top
"C3","10uF 35V","C_0805_2012Metric",156.150000,-115.050000,180.000000,top
"C4","100nF 50V","C_0402_1005Metric",159.500000,-111.300000,180.000000,top
"C7","10uF 35V","C_0805_2012Metric",154.400000,-107.400000,90.000000,top
"C8","10uF 35V","C_0805_2012Metric",156.700000,-107.400000,90.000000,top
"C9","10uF 35V","C_0805_2012Metric",159.000000,-107.400000,90.000000,top
"C10","100nF 50V","C_0402_1005Metric",162.100000,-108.900000,90.000000,top
"C11","10uF 25V","C_0805_2012Metric",166.600000,-107.400000,90.000000,top
"C12","10uF 25V","C_0805_2012Metric",168.900000,-107.400000,90.000000,top
"C13","10uF 25V","C_0805_2012Metric",171.200000,-107.400000,90.000000,top
"C14","10uF 25V","C_0805_2012Metric",173.500000,-107.400000,90.000000,top
"C15","10uF 25V","C_0805_2012Metric",175.800000,-107.400000,90.000000,top
"C16","100nF 50V","C_0402_1005Metric",163.900000,-108.900000,90.000000,top
"C17","10uF 25V","C_0805_2012Metric",179.000000,-103.400000,0.000000,top
"C18","10uF 25V","C_0805_2012Metric",179.000000,-105.800000,0.000000,top
"C20","1nF 50V","C_0402_1005Metric",166.400000,-110.550000,0.000000,top
"C21","10uF 25V","C_0805_2012Metric",190.700000,-116.900000,-90.000000,top
"C22","1uF 25V","C_0603_1608Metric",188.900000,-116.400000,-90.000000,top
"C23","1uF 10V","C_0402_1005Metric",198.400000,-112.250000,90.000000,top
"C24","1uF 10V","C_0402_1005Metric",197.200000,-110.550000,90.000000,top
"C25","1uF 10V","C_0402_1005Metric",198.400000,-108.850000,90.000000,top
"C26","1uF 10V","C_0402_1005Metric",197.200000,-107.150000,90.000000,top
"C27","1uF 10V","C_0402_1005Metric",186.400000,-117.000000,-90.000000,top
"C28","1uF 10V","C_0402_1005Metric",187.400000,-115.500000,-90.000000,top
"C29","1uF 50V","C_0805_2012Metric",148.400000,-111.200000,-90.000000,top
"C30","4.7uF 10V","C_0603_1608Metric",142.600000,-109.600000,-90.000000,top
"C31","100nF","C_0402_1005Metric",127.675000,-101.600000,90.000000,top
"C32","100nF","C_0402_1005Metric",127.675000,-114.100000,-90.000000,top
"C33","1uF 10V","C_0402_1005Metric",141.300000,-109.600000,-90.000000,top
"C34","100nF","C_0402_1005Metric",127.025000,-111.500000,-90.000000,top
"C35","100nF","C_0402_1005Metric",134.600000,-107.300000,0.000000,top
"D1","SMF20A","D_SMF",110.300000,-117.400000,90.000000,top
"D2","RED (charging)","LED_0603_1608Metric",153.600000,-111.200000,0.000000,top
"D3","BAT54C","SOT-23",149.000000,-107.400000,180.000000,top
"D4","GREEN (status)","LED_0603_1608Metric",137.600000,-102.750000,180.000000,top
"F1","2.5A 32V fast","Fuse_1206_3216Metric",205.000000,-102.300000,180.000000,top
"J1","USB_C_Receptacle_USB2.0_16P","USB_C_Receptacle_HRO_TYPE-C-31-M-12",102.390000,-110.500000,-90.000000,top
"J2","BALANCE 3S (JST-XH 4P)","JST_XH_S4B-XH-SM4-TB_1x04-1MP_P2.50mm_Horizontal",218.400000,-110.600000,90.000000,top
"L1","1uH","L_Coilcraft_XAL4020-XXX",163.000000,-104.900000,0.000000,top
"Q1","2N7002","SOT-23",161.400000,-118.200000,0.000000,top
"Q2","DMP3099L","SOT-23",147.000000,-103.900000,0.000000,top
"Q3","2N7002","SOT-23",142.000000,-103.900000,0.000000,top
"R1","1k","R_1206_3216Metric",111.300000,-107.700000,90.000000,top
"R2","56k 1%","R_0402_1005Metric",121.700000,-107.400000,-90.000000,top
"R3","10k","R_0402_1005Metric",122.600000,-104.600000,-90.000000,top
"R4","10.5k 1%","R_0402_1005Metric",167.700000,-115.400000,-90.000000,top
"R6","5.23k 1%","R_0402_1005Metric",165.300000,-115.950000,180.000000,top
"R7","30.1k 1%","R_0402_1005Metric",164.820000,-117.400000,-90.000000,top
"R8","2.2k","R_0402_1005Metric",153.000000,-112.900000,0.000000,top
"R9","10k","R_0402_1005Metric",172.000000,-115.200000,90.000000,top
"R10","100k","R_0402_1005Metric",162.400000,-115.550000,0.000000,top
"R11","100k","R_0402_1005Metric",128.975000,-112.600000,90.000000,top
"R12","100R","R_0603_1608Metric",193.300000,-115.000000,180.000000,top
"R13","56R","R_0603_1608Metric",201.500000,-113.100000,180.000000,top
"R14","56R","R_0603_1608Metric",201.500000,-111.400000,180.000000,top
"R15","56R","R_0603_1608Metric",201.500000,-109.700000,180.000000,top
"R16","56R","R_0603_1608Metric",201.500000,-108.000000,180.000000,top
"R17","1k","R_0402_1005Metric",183.900000,-117.900000,0.000000,top
"R18","1M","R_0402_1005Metric",193.000000,-105.900000,180.000000,top
"R19","1M","R_0402_1005Metric",144.300000,-106.200000,180.000000,top
"R20","100k","R_0402_1005Metric",139.600000,-104.100000,-90.000000,top
"R21","10k","R_0402_1005Metric",124.400000,-114.200000,-90.000000,top
"R22","100k 1%","R_0402_1005Metric",133.000000,-104.600000,90.000000,top
"R23","10k 1%","R_0402_1005Metric",134.600000,-106.300000,0.000000,top
"R24","4.7k","R_0402_1005Metric",183.600000,-113.000000,180.000000,top
"R25","4.7k","R_0402_1005Metric",180.800000,-113.000000,0.000000,top
"R26","1k","R_0402_1005Metric",135.000000,-102.750000,0.000000,top
"R27","100R","R_0402_1005Metric",113.000000,-116.400000,90.000000,top
"R28","100R","R_0402_1005Metric",115.500000,-116.400000,90.000000,top
"R29","100R","R_0402_1005Metric",118.000000,-116.400000,90.000000,top
"TH1","10k B3435 (103AT)","R_0402_1005Metric",166.600000,-117.400000,-90.000000,top
"TH2","10k B3435 (103AT)","R_0402_1005Metric",185.400000,-118.600000,-90.000000,top
"U1","CH224K","SSOP-10-1EP_3.9x4.9mm_P1mm_EP2.1x3.3mm",116.500000,-108.000000,0.000000,top
"U2","TPD2E2U06DCK","SOT-323_SC-70",112.400000,-102.100000,180.000000,top
"U3","BQ25798RQMR","Texas_RQM0029A_VQFN-29_4x4mm_P0.4mm",163.000000,-112.400000,0.000000,top
"U4","BQ7692003PWR","TSSOP-20_4.4x6.5mm_P0.65mm",192.000000,-110.600000,0.000000,top
"U5","AP7381-33SA-7","SOT-23",145.500000,-109.200000,-90.000000,top
"U6","STM32F042F6P6","TSSOP-20_4.4x6.5mm_P0.65mm",128.000000,-106.600000,90.000000,top
